2003, 2048,0.115802171291,0.566371681416,0.38566552901,0.492682926829,0.366683857659,0.48403707518 0.255208333333 0.395833333333 0.455752212389 0.821782178218 0.43741209564 0.270042194093 0.270042194093 0.317862165963 0.142053445851 0.661040787623,0.334302325581,0.0,0.679230152366 0.724331926864 0.161744022504,0.0,0.0700752874988,0.000581446056342,0.000165261940175,0.000346311779548,0.000696500087063 1.0 1.0 1.0 1.0,0.00154368632294,0.8 1.0 0.759493670886 0.0126582278481 0.177215189873 0.0506329113924 0.316455696203,0.0432232170423,0.0886075949364
2001, 2200,0.24246079614,0.365781710914,0.423208191126,0.614634146341,0.464156781846,0.491246138002 0.308457711443 0.491935483871 0.540322580645 0.952380952381 0.487777777778 0.446666666667 0.137777777778 0.275555555556 0.14 0.53,0.331395348837,0.0,0.584603047314 0.638888888889 0.126666666667,0.0,0.0476470588235,0.00141485207043,0.000991571641051,0.000717360114778,0.00435312554414 1.0 1.0 1.0 1.0,0.00216116085211,0.565714285714 1.0 0.708737864078 0.0291262135922 0.140776699029 0.121359223301 0.169902912621,0.0117215249822,0.0292465698468
2001, 297,0.227985524729,0.454277286136,0.225255972696,0.517073170732,0.397111913357,0.443872296601 0.380952380952 0.441558441558 0.537878787879 0.915094339623 0.493506493506 0.490909090909 0.2 0.171428571429 0.137662337662 0.55974025974,0.299418604651,0.0,0.506816359262 0.64025974026 0.133766233766,0.0,0.0482811306341,0.000523301450708,0.000165261940175,0.00061841389205,0.000522375065297 1.0 1.0 1.0 1.0,0.00135844396419,0.768571428571 1.0 0.650602409639 0.0120481927711 0.301204819277 0.0361445783133 0.265060240964,0.0395239494563,0.0629294035647
2015, 203076,0.433655006031,0.150442477876,0.317406143345,0.565853658537,0.552862300155,0.442842430484 0.389429763561 0.529411764706 0.591397849462 0.887931034483 0.485074626866 0.670708955224 0.0475746268657 0.173507462687 0.108208955224 0.401119402985,0.200581395349,0.00632251911767,0.502806736167 0.579291044776 0.0643656716418,0.0251791637054,0.0344051799824,0.000620209126765,0.00033052388035,0.000791569781824,0.00156712519589 1.0 1.0 1.0 1.0,0.0031491200988,0.42 1.0 0.598130841121 0.018691588785 0.299065420561 0.0841121495327 0.476635514019,0.0167540460451,0.0484282073067
2015, 2544,0.421592279855,0.0442477876106,0.58361774744,0.49756097561,0.597215059309,0.505664263646 0.34191702432 0.466666666667 0.657894736842 0.950980392157 0.490500863558 0.603626943005 0.0129533678756 0.295336787565 0.0880829015544 0.424006908463,0.514534883721,0.00725853451778,0.453087409783 0.662348877375 0.152849740933,0.0267600131591,0.0287005994108,0.00315919023946,0.00347050074368,0.00232523623411,0.00940275117534 1.0 1.0 1.0 1.0,0.00444581661006,0.414285714286 1.0 0.658585858586 0.0424242424242 0.189898989899 0.109090909091 0.145454545455,0.00357230845035,0.0094331747224
2015, 2730,0.0313630880579,0.445427728614,0.436860068259,0.590243902439,0.299123259412,0.48815653965 0.0961538461538 0.443708609272 0.67578125 0.925619834711 0.615517241379 0.0896551724138 0.260344827586 0.441379310345 0.208620689655 0.81724137931,0.325581395349,0.00678169648376,0.669607056937 0.577586206897 0.193103448276,0.0499178981939,0.0846855983771,0.000484538380285,0.00033052388035,0.000692623559096,0.00104475013059 1.0 1.0 1.0 1.0,0.00277863538129,0.651428571429 1.0 0.581395348837 0.0232558139535 0.325581395349 0.0697674418605 0.523255813953,0.0323312535451,0.08024216798
2015, 203457,0.129071170084,0.135693215339,0.28156996587,0.629268292683,0.285714285714,0.233779608651 0.275700934579 0.260869565217 0.551515151515 0.93023255814 0.509025270758 0.386281588448 0.0830324909747 0.297833935018 0.23285198556 0.409747292419,0.28488372093,0.00344383024566,0.434643143545 0.667870036101 0.176895306859,0.026538593777,0.0575493735401,0.000562064521131,0.000495785820526,0.000766833226142,0.00261187532648 1.0 1.0 1.0 1.0,0.00376659462797,0.551428571429 1.0 0.542056074766 0.0280373831776 0.289719626168 0.140186915888 0.570093457944,0.0219968087532,0.0418629798409
2015, 203507,0.255729794934,0.165191740413,0.505119453925,0.585365853659,0.462093862816,0.421215242019 0.283018867925 0.553571428571 0.530405405405 0.95 0.470982142857 0.473214285714 0.0625 0.330357142857 0.133928571429 0.456473214286,0.438953488372,0.00582802041573,0.490777866881 0.697544642857 0.168526785714,0.0277689200681,0.0401785714286,0.0015214505141,0.00446207238473,0.00207787067729,0.00626850078356 1.0 1.0 1.0 1.0,0.00395183698672,0.742857142857 1.0 0.516447368421 0.0888157894737 0.276315789474 0.118421052632 0.210526315789,0.0104300385109,0.0166376685516
2015, 201599,0.0150784077201,0.120943952802,0.527303754266,0.565853658537,0.253223310985,0.637487126674 0.12 0.463414634146 0.679611650485 0.956896551724 0.698574338086 0.050916496945 0.0835030549898 0.62932790224 0.236252545825 1.26069246436,0.209302325581,0.00819454991788,0.849238171612 0.448065173116 0.146639511202,0.0712507677886,0.126871930035,0.000552373753525,0.0,0.00037104833523,0.00104475013059 1.00 1.0 1.0,0.00203766594628,0.617142857143 1.0 0.730769230769 0.0 0.192307692308 0.0769230769231 0.423076923077,0.0337711069418,0.112205975842
2015, 203953,0.275030156815,0.0619469026549,0.372013651877,0.565853658537,0.418256833419,0.234809474768 0.342105263158 0.380952380952 0.495412844037 0.905172413793 0.464858199753 0.562268803946 0.0258939580764 0.268803945746 0.143033292232 0.281134401973,0.247093023256,0.00301997421542,0.316760224539 0.639950678175 0.104808877928,0.015897481064,0.0286501777036,0.000484538380285,0.00181788134193,0.00108840845001,0.00296012537002 1.0 1.0 1.0 1.0,0.00339610991047,0.44 1.0 0.409836065574 0.0901639344262 0.360655737705 0.139344262295 0.450819672131,0.015393842463,0.0267578918845
2015, 202702,0.0820265379976,0.22418879056,0.462457337884,0.517073170732,0.303764827231,0.228630278064 0.286764705882 0.552631578947 0.553505535055 0.896226415094 0.553480475382 0.230899830221 0.129032258065 0.460101867572 0.179966044143 0.376910016978,0.133720930233,0.00369107959663,0.465918203689 0.524617996604 0.0780984719864,0.0267537122376,0.0580245680615,0.000445775309862,0.0,0.000568940780686,0.00104475013059 1.00 1.0 1.0,0.0010497066996,0.497142857143 1.0 0.613333333333 0.0 0.306666666667 0.08 0.226666666667,0.0282926829268,0.0640220385675
2012, 201600,0.0452352231604,0.0766961651917,0.465870307167,0.565853658537,0.252707581227,0.307929969104 0.226666666667 0.384615384615 0.446886446886 0.931034482759 0.524489795918 0.15306122449 0.0530612244898 0.557142857143 0.236734693878 0.610204081633,0.328488372093,0.00404429295516,0.766639935846 0.70612244898 0.230612244898,0.0352364755427,0.114765906362,0.000348867633805,0.0,0.00049473111364,0.00104475013059 1.00 1.0 1.0,0.00185242358753,0.64 1.0 0.58064516129 0.0 0.322580645161 0.0967741935484 0.483870967742,0.0440597954367,0.127432684617
2012, 202684,0.197828709288,0.0884955752212,0.286689419795,0.565853658537,0.331098504384,0.299691040165 0.34756097561 0.4 0.404761904762 0.827586206897 0.451713395639 0.510903426791 0.0467289719626 0.261682242991 0.180685358255 0.453271028037,0.197674418605,0.0045387916571,0.619887730553 0.654205607477 0.105919003115,0.0301822182664,0.0708264614259,0.000746189105639,0.0,0.000321575223866,0.00104475013059 1.00 1.0 1.0,0.00191417104044,0.665714285714 1.0 0.802083333333 0.0 0.135416666667 0.0625 0.322916666667,0.0295985772357,0.0665461432507
2017, 1626149,0.046441495778,0.283185840708,0.414675767918,0.643902439024,0.282619907169,0.228630278064 0.38961038961 0.572916666667 0.609053497942 0.871212121212 0.63503649635 0.140510948905 0.175182481752 0.443430656934 0.240875912409 0.405109489051,0.142441860465,0.0032672235664,0.24538893344 0.454379562044 0.0894160583942,0.0254533078439,0.0328467153285,0.000416703007045,0.000165261940175,0.00061841389205,0.000870625108828 1.0 1.0 1.0 1.0,0.00154368632294,0.42 1.0 0.581081081081 0.0135135135135 0.337837837838 0.0675675675676 0.337837837838,0.0242254449572,0.0341746705383
2017, 200746,0.476477683957,0.469026548673,0.482935153584,0.560975609756,0.694687983497,0.410916580844 0.415189873418 0.48427672956 0.65371024735 0.84347826087 0.510022271715 0.586488492947 0.118040089087 0.210096510765 0.0853749072012 0.296213808463,0.25,0.00602228776292,0.509222133119 0.553823311062 0.0638455827765,0.0190870953678,0.0277304685794,0.00113381980987,0.0,0.000766833226142,0.000696500087063 1.00 1.0 1.0,0.00154368632294,0.462857142857 1.0 0.769736842105 0.0 0.203947368421 0.0263157894737 0.164473684211,0.0129974326059,0.0345258808178
2017, 1626157,0.34861278649,0.439528023599,0.530716723549,0.653658536585,0.604435275915,0.414006179197 0.441176470588 0.563758389262 0.601286173633 0.84328358209 0.545221843003 0.493174061433 0.127133105802 0.265358361775 0.11433447099 0.343003412969,0.383720930233,0.00671105381206,0.811547714515 0.567406143345 0.112627986348,0.024446069668,0.0507930134511,0.00116289211268,0.000495785820526,0.00126156433978,0.00435312554414 1.0 1.0 1.0 1.0,0.00296387774004,0.825714285714 1.0 0.603015075377 0.0150753768844 0.256281407035 0.125628140704 0.241206030151,0.0177105037382,0.0420283234354
2017, 1626161,0.14656212304,0.315634218289,0.518771331058,0.580487804878,0.39865910263,0.254376930999 0.358024691358 0.411214953271 0.509868421053 0.857142857143 0.501940491591 0.314359637775 0.138421733506 0.393272962484 0.153945666235 0.319534282018,0.252906976744,0.0036734189287,0.408981555734 0.610608020699 0.11254851229,0.0202878909219,0.0388098318241,0.000804333711273,0.0013220955214,0.00143472022956,0.00400487550061 1.0 1.0 1.0 1.0,0.00370484717505,0.531428571429 1.0 0.482558139535 0.046511627907 0.337209302326 0.133720930233 0.348837209302,0.0131877481566,0.0245050932155
2017, 1628381,0.0892641737033,0.0383480825959,0.407849829352,0.707317073171,0.281072717896,0.191555097837 0.351351351351 0.461538461538 0.585774058577 0.8 0.576146788991 0.271559633028 0.0238532110092 0.438532110092 0.266055045872 0.34128440367,0.232558139535,0.0032672235664,0.433841218925 0.570642201835 0.146788990826,0.0255934177953,0.0583917970858,0.000610518359159,0.0,0.000717360114778,0.00104475013059 1.00 1.0 1.0,0.00216116085211,0.608571428571 1.0 0.642857142857 0.0 0.295918367347 0.0612244897959 0.357142857143,0.026505724241,0.0456232079609
2017, 1628386,0.0349819059107,0.156342182891,0.269624573379,0.624390243902,0.20474471377,0.151390319258 0.344827586207 0.509433962264 0.525316455696 0.8125 0.589420654912 0.146095717884 0.133501259446 0.39798488665 0.32241813602 0.370277078086,0.203488372093,0.00194267347191,0.311146752205 0.586901763224 0.176322418136,0.0208908080445,0.0574899985183,0.000329486098594,0.0,0.000296838668184,0.000522375065297 1.00 1.0 1.0,0.00129669651127,0.42 1.0 0.69387755102 0.0 0.244897959184 0.0612244897959 0.428571428571,0.0365853658537,0.065441052454
2017, 203076,0.458383594692,0.197640117994,0.815699658703,0.765853658537,0.753996905621,0.615859938208 0.388157894737 0.462686567164 0.646443514644 0.923566878981 0.533515731874 0.519835841313 0.0458276333789 0.326949384405 0.107387140903 0.40902872777,0.313953488372,0.00985465270297,0.667201283079 0.540355677155 0.0738714090287,0.0287766269299,0.0334754969019,0.00103691213381,0.0,0.0015089298966,0.00104475013059 1.00 1.0 1.0,0.00506329113924,0.468571428571 1.0 0.614942528736 0.0 0.350574712644 0.0344827586207 0.471264367816,0.0114942528736,0.0395174313669
2017, 203083,0.0506634499397,0.445427728614,0.868600682594,0.668292682927,0.454357916452,0.406797116375 0.25 0.370860927152 0.5442043222 0.817518248175 0.528944381385 0.0953461975028 0.171396140749 0.577752553916 0.155505107832 0.448354143019,0.456395348837,0.00596930575914,1.0 0.649262202043 0.178206583428,0.0289263643408,0.0832610002006,0.00133732592959,0.000165261940175,0.0020531341216,0.00261187532648 1.0 1.0 1.0 1.0,0.00419882679839,0.74 1.0 0.582278481013 0.0042194092827 0.350210970464 0.0632911392405 0.286919831224,0.013327158588,0.0434843254176
2017, 203507,0.381182147165,0.153392330383,0.91638225256,0.882926829268,0.723053120165,0.660144181256 0.346518987342 0.461538461538 0.621973929236 0.911602209945 0.529243937233 0.450784593438 0.037089871612 0.38302425107 0.12910128388 0.457203994294,0.491279069767,0.00902460131042,0.603849238172 0.591298145506 0.120542082739,0.0274805832938,0.0315935218595,0.00221918578171,0.0026441910428,0.00192945134319,0.00661675082709 1.0 1.0 1.0 1.0,0.00500154368632,0.665714285714 1.0 0.634349030471 0.0443213296399 0.216066481994 0.105263157895 0.224376731302,0.00787108979123,0.0172386163321
2017, 2544,0.513872135103,0.0353982300885,1.0,0.634146341463,0.814853017019,0.546858908342 0.384976525822 0.5 0.692832764505 0.9 0.542405063291 0.539240506329 0.00759493670886 0.370886075949 0.0822784810127 0.336075949367,0.831395348837,0.00775303321972,0.568564554932 0.638607594937 0.181012658228,0.0209488647781,0.0263961280715,0.00431239158454,0.00413154850438,0.00531835947163,0.0107957513495 1.0 1.0 1.0 1.0,0.00487804878049,0.397142857143 1.0 0.595716198126 0.0334672021419 0.28781793842 0.0829986613119 0.105756358768,0.00226923955987,0.00784404836979
2017, 2730,0.0977080820265,0.522123893805,0.701365187713,0.785365853659,0.46982980918,0.59938208033 0.283950617284 0.435028248588 0.588807785888 0.875776397516 0.555433589462 0.177826564215 0.194291986828 0.451152579583 0.176728869374 0.638858397366,0.508720930233,0.00771771188386,0.811547714515 0.636663007684 0.192096597146,0.0361673026329,0.0653451281718,0.000668662964793,0.000495785820526,0.000667887003414,0.00104475013059 1.0 1.0 1.0 1.0,0.00216116085211,0.751428571429 1.0 0.657142857143 0.0285714285714 0.257142857143 0.0571428571429 0.333333333333,0.0305458768873,0.0796536796537
2017, 203458,0.0313630880579,0.0678466076696,0.315699658703,0.575609756098,0.194945848375,0.23789907312 0.365384615385 0.217391304348 0.502702702703 0.822033898305 0.566137566138 0.137566137566 0.0608465608466 0.489417989418 0.312169312169 0.611111111111,0.206395348837,0.0033378662381,0.415396952686 0.621693121693 0.187830687831,0.0376984126985,0.0806100217865,0.000532992218314,0.0,0.000568940780686,0.000696500087063 1.00 1.0 1.0,0.00154368632294,0.454285714286 1.0 0.670731707317 0.0 0.280487804878 0.0487804878049 0.30487804878,0.0236466389054,0.052207216287
2017, 203497,0.0235223160434,0.0855457227139,0.401023890785,0.687804878049,0.228984012378,0.307929969104 0.25641025641 0.275862068966 0.544680851064 0.921985815603 0.621621621622 0.0878378378378 0.0653153153153 0.529279279279 0.317567567568 0.673423423423,0.223837209302,0.00494498701941,0.481956696071 0.551801801802 0.173423423423,0.0475475475477,0.0796237413882,0.000513610683102,0.0,0.000469994557958,0.00139300017413 1.00 1.0 1.0,0.0020994133992,0.46 1.0 0.6625 0.0 0.2375 0.1 0.425,0.0245426829268,0.0620867768595
2017, 203500,0.0657418576598,0.265486725664,0.551194539249,0.926829268293,0.367199587416,0.294541709578 0.467889908257 0.5 0.609907120743 0.815789473684 0.629213483146 0.15308988764 0.126404494382 0.453651685393 0.266853932584 0.401685393258,0.293604651163,0.0048743443477,0.549318364074 0.512640449438 0.141853932584,0.0292268592831,0.0565928618638,0.000532992218314,0.0,0.000692623559096,0.000870625108828 1.00 1.0 1.0,0.00432232170423,0.625714285714 1.0 0.625 0.0 0.318181818182 0.0568181818182 0.795454545455,0.0303492239468,0.0643313298272
2017, 201599,0.00301568154403,0.191740412979,0.57337883959,0.839024390244,0.298091799897,0.32131822863 0.0 0.261538461538 0.598214285714 0.901162790698 0.645328719723 0.00865051903114 0.112456747405 0.581314878893 0.297577854671 0.539792387543,0.357558139535,0.0051392543666,0.939053728949 0.567474048443 0.212802768166,0.0379593013677,0.119173621005,0.000688044500005,0.00033052388035,0.00086577944887,0.00156712519589 1.0 1.0 1.0 1.0,0.00160543377586,0.602857142857 1.0 0.606837606838 0.017094017094 0.299145299145 0.0769230769231 0.222222222222,0.0219929122368,0.0827152645331
2017, 203944,0.14656212304,0.321533923304,0.711604095563,0.658536585366,0.466219700877,0.437693099897 0.308641975309 0.477064220183 0.604316546763 0.925925925926 0.557522123894 0.268805309735 0.120575221239 0.461283185841 0.149336283186 0.470132743363,0.470930232558,0.00602228776292,0.524458700882 0.621681415929 0.179203539823,0.0284406166598,0.0425559604373,0.00128887209156,0.00033052388035,0.00145945678524,0.00278600034825 1.0 1.0 1.0 1.0,0.00135844396419,0.794285714286 1.0 0.633333333333 0.00952380952381 0.280952380952 0.0761904761905 0.104761904762,0.016144018583,0.0257378984652
2017, 203991,0.0120627261761,0.241887905605,0.721843003413,0.736585365854,0.348633316142,0.264675592173 0.35 0.463414634146 0.621749408983 0.880794701987 0.652366863905 0.0295857988166 0.121301775148 0.62573964497 0.223372781065 0.380177514793,0.229651162791,0.00383236494004,0.643143544507 0.46449704142 0.116863905325,0.0242028270875,0.0697876783847,0.000426393774651,0.0,0.000519467669322,0.000522375065297 1.00 1.0 1.0,0.00234640321087,0.531428571429 1.0 0.647058823529 0.0 0.308823529412 0.0441176470588 0.558823529412,0.0333572453372,0.0974720466702
2017, 201959,0.168878166466,0.194690265487,0.467576791809,0.570731707317,0.380092831356,0.19052523172 0.4 0.560606060606 0.616788321168 0.91452991453 0.576662143826 0.379918588874 0.089552238806 0.371777476255 0.158751696065 0.251017639077,0.19476744186,0.00270208219275,0.468323977546 0.514246947083 0.0909090909091,0.0156522581896,0.0466118604837,0.000600827591554,0.00033052388035,0.000544204225004,0.00226362528295 1.0 1.0 1.0 1.0,0.00222290830503,0.631428571429 1.0 0.626262626263 0.020202020202 0.222222222222 0.131313131313 0.363636363636,0.0272234540527,0.0487519826363
2017, 202324,0.174306393245,0.120943952802,0.366894197952,0.765853658537,0.36204228984,0.221421215242 0.349480968858 0.439024390244 0.6 0.936305732484 0.562678062678 0.411680911681 0.0584045584046 0.306267806268 0.223646723647 0.306267806268,0.218023255814,0.00309061688713,0.442662389735 0.54415954416 0.106837606838,0.0187955049067,0.0462543991956,0.000629899894371,0.0,0.000791569781824,0.000870625108828 1.00 1.0 1.0,0.00259339302254,0.465714285714 1.0 0.637254901961 0.0 0.313725490196 0.0490196078431 0.411764705882,0.0194882831182,0.0447253281478
2017, 1627732,0.195416164053,0.342182890855,0.682593856655,0.770731707317,0.514698298092,0.351184346035 0.317901234568 0.474137931034 0.5975 0.930379746835 0.545090180361 0.324649298597 0.11623246493 0.400801603206 0.158316633267 0.341683366733,0.688953488372,0.00563375306854,0.528468323978 0.692384769539 0.2374749499,0.0240997868754,0.0388423906637,0.00383754397186,0.00214840522228,0.00477415524662,0.0102733762842 1.0 1.0 1.0 1.0,0.00580426057425,0.608571428571 1.0 0.599092284418 0.0196671709531 0.291981845688 0.089258698941 0.142208774584,0.00392974428988,0.00823945687101
2009, 2405,0.370325693607,0.12389380531,0.430034129693,0.707317073171,0.54306343476,0.6508753862 0.4332247557 0.619047619048 0.507936507937 0.88275862069 0.520417853751 0.583095916429 0.039886039886 0.239316239316 0.137701804368 0.600189933523,0.328488372093,0.00845945993677,0.587008821171 0.586894586895 0.107312440646,0.0342973213344,0.0408915703034,0.000465156845074,0.0,0.00061841389205,0.000696500087063 1.00 1.0 1.0,0.00197591849336,0.834285714286 1.0 0.623376623377 0.0 0.324675324675 0.0519480519481 0.415584415584,0.0462464364904,0.0785660620371
2009, 2746,0.197225572979,0.156342182891,0.5,0.526829268293,0.402784940691,0.434603501545 0.281345565749 0.377358490566 0.600682593857 0.805555555556 0.480153649168 0.418693982074 0.067861715749 0.375160051216 0.13828425096 0.54033290653,0.392441860465,0.00611059110256,0.565356856455 0.692701664533 0.1728553137,0.0334024348109,0.0530993447315,0.00173464740142,0.00033052388035,0.00242418245683,0.00644262580533 1.0 1.0 1.0 1.0,0.00555727076258,0.714285714286 1.0 0.566455696203 0.00632911392405 0.310126582278 0.117088607595 0.284810126582,0.00964803951837,0.0184381211424
2016, 1626157,0.422798552473,0.619469026549,0.530716723549,0.663414634146,0.70036101083,0.440782698249 0.400855920114 0.6 0.627009646302 0.897058823529 0.533136966127 0.516200294551 0.154639175258 0.229013254786 0.100147275405 0.315169366716,0.351744186047,0.00672871447998,0.807538091419 0.555964653903 0.0891016200295,0.0211533066836,0.0436195096595,0.00132763516198,0.0,0.00118735467274,0.00296012537002 1.00 1.0 1.0,0.00253164556962,0.694285714286 1.0 0.678217821782 0.0 0.237623762376 0.0841584158416 0.20297029703,0.014670369476,0.0411995745029
2016, 203076,0.586248492159,0.218289085546,0.462457337884,0.565853658537,0.739040742651,0.666323377961 0.405349794239 0.527027027027 0.608856088561 0.922413793103 0.491974877879 0.678297278437 0.0516399162596 0.189113747383 0.0809490579204 0.451500348918,0.273255813953,0.00918354732176,0.708099438653 0.573621772505 0.0655966503838,0.0273596295928,0.0362464595049,0.000814024478879,0.00033052388035,0.000989462227279,0.00330837541355 1.0 1.0 1.0 1.0,0.00364309972214,0.482857142857 1.0 0.579310344828 0.0137931034483 0.275862068966 0.131034482759 0.406896551724,0.0142136248949,0.0503277286976
2016, 2544,0.422798552473,0.0412979351032,0.443686006826,0.521951219512,0.558019597731,0.546858908342 0.356633380884 0.285714285714 0.707692307692 0.934579439252 0.497227356747 0.647874306839 0.0129390018484 0.240295748614 0.0988909426987 0.490757855823,0.636627906977,0.00777069388764,0.512429831596 0.705175600739 0.202402957486,0.030660446557,0.0347395889964,0.00418641160566,0.0019831432821,0.0027457576807,0.0107957513495 1.0 1.0 1.0 1.0,0.00469280642174,0.394285714286 1.0 0.700162074554 0.0194489465154 0.179902755267 0.100486223663 0.123176661264,0.00272759615765,0.00855914381769
2016, 2730,0.0392038600724,0.259587020649,0.459044368601,0.79512195122,0.3017019082,0.43666323378 0.230769230769 0.375 0.672862453532 0.889570552147 0.639316239316 0.111111111111 0.150427350427 0.459829059829 0.278632478632 0.724786324786,0.331395348837,0.00595164509122,0.753809141941 0.555555555556 0.194871794872,0.0434337267672,0.0945198592259,0.000581446056342,0.0,0.000692623559096,0.000348250043531 1.00 1.0 1.0,0.00265514047546,0.602857142857 1.0 0.666666666667 0.0 0.311111111111 0.0222222222222 0.477777777778,0.0285907859078,0.086317722681
2016, 203486,0.101326899879,0.215339233038,0.373720136519,0.614634146341,0.302217637958,0.308959835221 0.279761904762 0.493150684932 0.543378995434 0.912698412698 0.540955631399 0.286689419795 0.12457337884 0.373720136519 0.215017064846 0.511945392491,0.244186046512,0.00445048831747,0.485164394547 0.602389078498 0.143344709898,0.0324232081912,0.0607307769524,0.00158928588734,0.000991571641051,0.00197892445456,0.00261187532648 1.0 1.0 1.0 1.0,0.00197591849336,0.654285714286 1.0 0.618867924528 0.022641509434 0.301886792453 0.0566037735849 0.120754716981,0.010538426139,0.0188679245283
2016, 203497,0.0331724969843,0.094395280236,0.511945392491,1.0,0.305312016503,0.490216271885 0.272727272727 0.34375 0.59 0.921951219512 0.662162162162 0.0929054054054 0.0540540540541 0.506756756757 0.346283783784 0.804054054054,0.25,0.00739981986119,0.829991980754 0.483108108108 0.14527027027,0.0533636314888,0.102841812401,0.000513610683102,0.000165261940175,0.000766833226142,0.00121887515236 1.0 1.0 1.0 1.0,0.00228465575795,0.722857142857 1.0 0.576086956522 0.0108695652174 0.336956521739 0.0760869565217 0.402173913043,0.0335365853659,0.0929752066116
2016, 203500,0.0735826296743,0.469026548673,0.392491467577,0.585365853659,0.32542547705,0.264675592173 0.368852459016 0.528301886792 0.565217391304 0.858333333333 0.573692551506 0.193343898574 0.251980982567 0.364500792393 0.190174326466 0.407290015848,0.209302325581,0.00462709499673,0.4915797915 0.540412044374 0.11410459588,0.0313058133978,0.0571455206488,0.000494229147891,0.00033052388035,0.000346311779548,0.00191537523942 1.0 1.0 1.0 1.0,0.00382834208089,0.548571428571 1.0 0.653846153846 0.025641025641 0.179487179487 0.141025641026 0.794871794872,0.0300187617261,0.0649502013138
2016, 203507,0.322074788902,0.215339233038,0.566552901024,0.814634146341,0.570397111913,0.630278063852 0.312734082397 0.438356164384 0.58734939759 0.916167664671 0.494575045208 0.482820976492 0.0660036166365 0.300180831826 0.150994575045 0.553345388788,0.424418604651,0.00837115659714,0.560545308741 0.637432188065 0.132007233273,0.0323129251701,0.0371768960749,0.00252929034509,0.00347050074368,0.00200366101024,0.00679087584886 1.0 1.0 1.0 1.0,0.00617474529176,0.711428571429 1.0 0.649253731343 0.0522388059701 0.201492537313 0.0970149253731 0.248756218905,0.00755369493994,0.014370297274
2016, 201599,0.00844390832328,0.162241887906,0.506825938567,0.975609756098,0.291903042806,0.437693099897 0.285714285714 0.454545454545 0.6632996633 0.89 0.713780918728 0.0247349823322 0.0971731448763 0.524734982332 0.353356890459 0.750883392226,0.206395348837,0.00593398442329,0.893344025662 0.411660777385 0.125441696113,0.0447585394583,0.115776345874,0.00076557064085,0.0,0.000296838668184,0.000696500087063 1.00 1.0 1.0,0.00222290830503,0.634285714286 1.0 0.831578947368 0.0 0.126315789474 0.0421052631579 0.378947368421,0.0284980744544,0.0969117007397
2016, 203991,0.0331724969843,0.16814159292,0.564846416382,0.49756097561,0.281072717896,0.182286302781 0.109090909091 0.473684210526 0.688821752266 0.882352941176 0.644036697248 0.100917431193 0.104587155963 0.607339449541 0.187155963303 0.324770642202,0.168604651163,0.002401850838,0.421812349639 0.462385321101 0.106422018349,0.0188146206496,0.0567728008635,0.000465156845074,0.0,0.000197892445456,0.000522375065297 1.00 1.0 1.0,0.0014201914171,0.514285714286 1.0 0.813559322034 0.0 0.135593220339 0.0508474576271 0.389830508475,0.0372054568004,0.073679787085
2016, 202355,0.189384800965,0.687315634218,0.41638225256,0.663414634146,0.478081485302,0.368692070031 0.388535031847 0.49356223176 0.631147540984 0.933823529412 0.55879180151 0.338727076591 0.251348435814 0.263214670982 0.146709816613 0.38619201726,0.241279069767,0.00542182505342,0.872493985565 0.53074433657 0.0895361380798,0.0249696066849,0.0690399137,0.000261650725354,0.0,0.000593677336368,0.000348250043531 1.00 1.0 1.0,0.00234640321087,0.651428571429 1.0 0.509433962264 0.0 0.452830188679 0.0377358490566 0.716981132075,0.0524620340543,0.169655387494
2008, 406,0.130277442702,0.268436578171,0.488054607509,0.643902439024,0.373904074265,0.534500514933 0.337962962963 0.461538461538 0.636363636364 0.916666666667 0.576551724138 0.297931034483 0.125517241379 0.394482758621 0.182068965517 0.715862068966,0.380813953488,0.00739981986119,0.507618283881 0.604137931034 0.180689655172,0.0435741652984,0.0513590263692,0.000610518359159,0.0,0.000890516004552,0.00226362528295 1.00 1.0 1.0,0.00172892868169,0.751428571429 1.0 0.5625 0.0 0.321428571429 0.116071428571 0.25,0.0286367595818,0.0467089728454
2008, 2731,0.129071170084,0.174041297935,0.484641638225,0.575609756098,0.348117586385,0.380020597322 0.359813084112 0.372881355932 0.549295774648 0.932203389831 0.540740740741 0.317037037037 0.0874074074074 0.420740740741 0.174814814815 0.546666666667,0.25,0.00492732635148,0.663191659984 0.586666666667 0.127407407407,0.0311640211641,0.0720697167759,0.000300413795777,0.000165261940175,0.000296838668184,0.000348250043531 1.0 1.0 1.0 1.0,0.00191417104044,0.708571428571 1.0 0.673913043478 0.0217391304348 0.260869565217 0.0434782608696 0.673913043478,0.0657476139979,0.148580668344
2008, 201572,0.194813027744,0.165191740413,0.389078498294,0.609756097561,0.377514182568,0.223480947477 0.386996904025 0.357142857143 0.570175438596 0.88 0.525956284153 0.441256830601 0.0765027322404 0.311475409836 0.170765027322 0.296448087432,0.232558139535,0.00339084824188,0.533279871692 0.583333333333 0.109289617486,0.0197762164976,0.0534394085503,0.000416703007045,0.00033052388035,0.000593677336368,0.000522375065297 1.0 1.0 1.0 1.0,0.00154368632294,0.734285714286 1.0 0.597222222222 0.0277777777778 0.333333333333 0.0416666666667 0.347222222222,0.043529810298,0.076331496786
2013, 203076,0.310012062726,0.0737463126844,0.366894197952,0.492682926829,0.440948942754,0.453141091658 0.373540856031 0.64 0.6 0.90099009901 0.500584795322 0.601169590643 0.0292397660819 0.251461988304 0.118128654971 0.514619883041,0.156976744186,0.0063401797856,0.539695268645 0.562573099415 0.0631578947368,0.0316578483246,0.0463020295838,0.000668662964793,0.000165261940175,0.00061841389205,0.000174125021766 1.0 1.0 1.0 1.0,0.00327261500463,0.585714285714 1.0 0.71875 0.0104166666667 0.260416666667 0.0104166666667 0.552083333333,0.0260416666667,0.0579373278237
2013, 203083,0.0440289505428,0.12389380531,0.598976109215,0.556097560976,0.299123259412,0.337796086509 0.150684931507 0.547619047619 0.646723646724 0.894736842105 0.625862068966 0.125862068966 0.0724137931034 0.605172413793 0.196551724138 0.565517241379,0.197674418605,0.00457411299295,0.858861267041 0.491379310345 0.11724137931,0.0336685823756,0.108620689655,0.000145361514086,0.0,0.000420521446594,0.000174125021766 1.00 1.0 1.0,0.00444581661006,0.8 1.0 0.454545454545 0.0 0.515151515152 0.030303030303 2.18181818182,0.10347376201,0.268219383921
2013, 201586,0.360072376357,0.0914454277286,0.250853242321,0.507317073171,0.453326456937,0.204943357364 0.447236180905 0.387096774194 0.639455782313 0.903846153846 0.531285551763 0.679180887372 0.0352673492605 0.167235494881 0.118316268487 0.226393629124,0.273255813953,0.00287868887201,0.568564554932 0.575654152446 0.106939704209,0.0139814363364,0.0474469651342,0.000532992218314,0.000165261940175,0.000296838668184,0.000870625108828 1.0 1.0 1.0 1.0,0.00160543377586,0.688571428571 1.0 0.753424657534 0.013698630137 0.164383561644 0.0684931506849 0.356164383562,0.0402606080855,0.0802671798936
2010, 2730,0.133896260555,0.522123893805,0.5204778157,0.50243902439,0.416193914389,0.943357363543 0.306306306306 0.480225988701 0.695081967213 0.970873786408 0.576208178439 0.275092936803 0.219330855019 0.377942998761 0.127633209418 1.13506815366,0.468023255814,0.0134750896279,0.880513231756 0.623296158612 0.199504337051,0.0712859699851,0.0800349879729,0.000823715246485,0.0,0.000296838668184,0.000522375065297 1.00 1.0 1.0,0.00345785736338,0.788571428571 1.0 0.85 0.0 0.12 0.03 0.56,0.0336585365854,0.0907438016529
2005, 406,0.115802171291,0.436578171091,0.435153583618,0.536585365854,0.363589479113,0.485066941298 0.333333333333 0.412162162162 0.678431372549 0.909090909091 0.564539007092 0.272340425532 0.209929078014 0.36170212766 0.156028368794 0.668085106383,0.322674418605,0.00739981986119,0.433841218925 0.592907801418 0.157446808511,0.0448103118317,0.0451397580309,0.000542682985919,0.0,0.000717360114778,0.00313425039178 1.00 1.0 1.0,0.000679221982093,0.671428571429 1.0 0.543689320388 0.0 0.281553398058 0.174757281553 0.106796116505,0.0278238219276,0.0434084891279
2004, 2397,0.260554885404,0.457227138643,0.332764505119,0.551219512195,0.461578133058,0.51184346035 0.4375 0.432258064516 0.641025641026 0.849557522124 0.532960893855 0.482681564246 0.173184357542 0.217877094972 0.12625698324 0.55530726257,0.287790697674,0.0,0.536487570168 0.577653631285 0.11061452514,0.0,0.0439697666776,0.000358558401411,0.000165261940175,0.000321575223866,0.000522375065297 1.0 1.0 1.0 1.0,0.00154368632294,0.854285714286 1.0 0.685185185185 0.0185185185185 0.240740740741 0.0555555555556 0.462962962963,0.0675248419151,0.102387511479
2004, 2405,0.413148371532,0.0530973451327,0.508532423208,0.619512195122,0.581743166581,0.818743563337 0.421897810219 0.611111111111 0.546979865772 0.850393700787 0.506205673759 0.607269503546 0.0159574468085 0.264184397163 0.112588652482 0.704787234043,0.28488372093,0.0,0.571772253408 0.580673758865 0.0868794326241,0.0,0.0371818940342,0.00083340601409,0.0,0.000420521446594,0.00330837541355 1.00 1.0 1.0,0.00296387774004,0.822857142857 1.0 0.704918032787 0.0 0.139344262295 0.155737704918 0.393442622951,0.0287884846061,0.0482996883891
2004, 406,0.165259348613,0.498525073746,0.57337883959,0.834146341463,0.489943269727,0.787847579815 0.35401459854 0.479289940828 0.622023809524 0.947368421053 0.577894736842 0.288421052632 0.177894736842 0.353684210526 0.18 0.805263157895,0.433139534884,0.0,0.609462710505 0.578947368421 0.156842105263,0.0,0.0470588235294,0.000949695225359,0.0,0.00163261267501,0.00365662545708 1.00 1.0 1.0,0.00129669651127,0.768571428571 1.0 0.52972972973 0.0 0.356756756757 0.113513513514 0.113513513514,0.0177323665128,0.0339513066786
2007, 2405,0.366706875754,0.0265486725664,0.474402730375,0.50243902439,0.514698298092,0.711637487127 0.444078947368 0.555555555556 0.60071942446 0.912621359223 0.537074148297 0.609218436874 0.00901803607214 0.278557114228 0.103206412826 0.692384769539,0.258720930233,0.00863606661604,0.576583801123 0.552104208417 0.0891783567134,0.0369429334861,0.0423788753979,0.000678353732399,0.000165261940175,0.000643150447732,0.00191537523942 1.0 1.0 1.0 1.0,0.00302562519296,0.862857142857 1.0 0.648148148148 0.00925925925926 0.240740740741 0.101851851852 0.453703703704,0.0341011743451,0.055019895929
2007, 2731,0.156212303981,0.386430678466,0.459044368601,0.590243902439,0.402269210933,0.385169927909 0.312741312741 0.458015267176 0.576208178439 0.867768595041 0.514102564103 0.332051282051 0.167948717949 0.344871794872 0.155128205128 0.479487179487,0.30523255814,0.00501562969111,0.702485966319 0.620512820513 0.134615384615,0.0274521774523,0.0660633484165,0.000436084542257,0.0,0.000445258002276,0.000348250043531 1.00 1.0 1.0,0.0020994133992,0.688571428571 1.0 0.692307692308 0.0 0.276923076923 0.0307692307692 0.523076923077,0.0452157598499,0.111379529561
2007, 2735,0.0796139927624,0.00884955752212,0.349829351536,0.517073170732,0.230015471893,0.283213182286 0.310606060606 0.333333333333 0.585365853659 0.858490566038 0.567264573991 0.295964125561 0.0067264573991 0.459641255605 0.237668161435 0.616591928251,0.165697674419,0.0033378662381,0.299117882919 0.560538116592 0.127802690583,0.0319506726458,0.0491954629385,0.000610518359159,0.000661047760701,0.00061841389205,0.00208950026119 1.0 1.0 1.0 1.0,0.00339610991047,0.368571428571 1.0 0.605769230769 0.0384615384615 0.240384615385 0.115384615385 0.528846153846,0.015126641651,0.0296408137317
